trip_duration_days,miles_traveled,total_receipts_amount,miles_per_day,daily_receipts,receipt_cents,is_5_days,is_49_cents,efficiency_bonus,low_receipt_flag,mileage_tier
3,93.0,1.42,31.0,0.47333333333333333,41,0,0,0,1,low
1,55.0,3.6,55.0,3.6,60,0,0,0,1,low
1,47.0,17.97,47.0,17.97,96,0,0,0,1,low
2,13.0,4.67,6.5,2.335,67,0,0,0,1,low
3,88.0,5.78,29.333333333333332,1.9266666666666667,78,0,0,0,1,low
1,76.0,13.74,76.0,13.74,74,0,0,0,1,low
3,41.0,4.52,13.666666666666666,1.5066666666666666,51,0,0,0,1,low
1,140.0,22.71,140.0,22.71,71,0,0,0,1,medium
3,121.0,21.17,40.333333333333336,7.0566666666666675,17,0,0,0,1,medium
3,117.0,21.99,39.0,7.329999999999999,98,0,0,0,1,medium
2,202.0,21.24,101.0,10.62,23,0,0,0,1,medium
3,80.0,21.05,26.666666666666668,7.016666666666667,5,0,0,0,1,low
2,21.0,20.04,10.5,10.02,3,0,0,0,1,low
3,177.0,18.73,59.0,6.243333333333333,73,0,0,0,1,medium
1,141.0,10.15,141.0,10.15,15,0,0,0,1,medium
1,58.0,5.86,58.0,5.86,86,0,0,0,1,low
1,133.0,8.34,133.0,8.34,33,0,0,0,1,medium
1,59.0,8.31,59.0,8.31,31,0,0,0,1,low
2,89.0,13.85,44.5,6.925,84,0,0,0,1,low
2,147.0,17.43,73.5,8.715,42,0,0,0,1,medium
5,130.0,306.9,26.0,61.379999999999995,89,1,0,0,0,medium
5,173.0,1337.9,34.6,267.58000000000004,90,1,0,0,0,medium
5,592.0,433.75,118.4,86.75,75,1,0,0,0,high
5,679.0,476.08,135.8,95.216,7,1,0,0,0,high
5,708.0,1129.52,141.6,225.904,51,1,0,0,0,high
5,261.0,464.94,52.2,92.988,93,1,0,0,0,medium
5,794.0,511.0,158.8,102.2,0,1,0,0,0,high
5,521.0,1448.55,104.2,289.71,54,1,0,0,0,high
5,595.0,863.93,119.0,172.786,92,1,0,0,0,high
5,811.0,952.39,162.2,190.478,38,1,0,0,0,high
5,477.0,704.42,95.4,140.884,41,1,0,0,0,medium
5,730.0,485.73,146.0,97.146,73,1,0,0,0,high
5,262.0,1173.79,52.4,234.75799999999998,78,1,0,0,0,medium
5,446.0,219.98,89.2,43.995999999999995,97,1,0,0,0,medium
5,751.0,407.43,150.2,81.486,43,1,0,0,0,high
5,324.0,128.94,64.8,25.788,93,1,0,0,0,medium
5,414.0,967.0,82.8,193.4,0,1,0,0,0,medium
5,367.0,290.78,73.4,58.15599999999999,77,1,0,0,0,medium
5,764.0,848.75,152.8,169.75,75,1,0,0,0,high
5,249.0,873.75,49.8,174.75,75,1,0,0,0,medium
8,862.0,1817.85,107.75,227.23125,84,0,0,0,0,high
11,927.0,1994.33,84.27272727272727,181.30272727272725,32,0,0,0,0,high
9,602.0,186.69,66.88888888888889,20.743333333333332,68,0,0,0,0,high
8,610.0,208.29,76.25,26.03625,28,0,0,0,0,high
12,333.0,1103.21,27.75,91.93416666666667,21,0,0,0,0,medium
8,435.0,1129.65,54.375,141.20625,65,0,0,0,0,medium
9,218.0,1203.45,24.22222222222222,133.71666666666667,45,0,0,0,0,medium
12,781.0,1159.18,65.08333333333333,96.59833333333334,18,0,0,0,0,high
11,916.0,1036.91,83.27272727272727,94.26454545454546,91,0,0,0,0,high
10,358.0,2066.62,35.8,206.66199999999998,61,0,0,0,0,medium
12,566.0,2013.7,47.166666666666664,167.80833333333334,70,0,0,0,0,high
9,954.0,1483.39,106.0,164.82111111111112,39,0,0,0,0,high
9,534.0,1929.94,59.333333333333336,214.4377777777778,94,0,0,0,0,high
12,765.0,1343.97,63.75,111.9975,97,0,0,0,0,high
8,630.0,967.69,78.75,120.96125,69,0,0,0,0,high
10,909.0,696.0,90.9,69.6,0,0,0,0,0,high
10,223.0,745.89,22.3,74.589,88,0,0,0,0,medium
8,467.0,1178.71,58.375,147.33875,71,0,0,0,0,medium
9,708.0,461.07,78.66666666666667,51.23,6,0,0,0,0,high
9,885.0,1764.97,98.33333333333333,196.10777777777778,97,0,0,0,0,high
6,855.0,591.35,142.5,98.55833333333334,35,0,0,0,0,high
2,993.0,54.24,496.5,27.12,24,0,0,0,0,high
5,685.0,747.14,137.0,149.428,13,1,0,0,0,high
3,981.0,341.45,327.0,113.81666666666666,44,0,0,0,0,high
5,770.0,873.33,154.0,174.666,33,1,0,0,0,high
6,697.0,651.64,116.16666666666667,108.60666666666667,63,0,0,0,0,high
3,795.0,450.85,265.0,150.28333333333333,85,0,0,0,0,high
3,606.0,1184.23,202.0,394.74333333333334,23,0,0,1,0,high
3,842.0,865.37,280.6666666666667,288.45666666666665,37,0,0,0,0,high
7,748.0,241.73,106.85714285714286,34.53285714285714,72,0,0,0,0,high
7,624.0,148.16,89.14285714285714,21.165714285714284,15,0,0,0,0,high
2,713.0,740.33,356.5,370.165,33,0,0,0,0,high
3,874.0,1191.4,291.3333333333333,397.1333333333334,40,0,0,0,0,high
6,761.0,530.19,126.83333333333333,88.36500000000001,19,0,0,0,0,high
1,815.0,97.89,815.0,97.89,89,0,0,0,0,high
1,601.0,497.7,601.0,497.7,69,0,0,0,0,high
7,817.0,1127.87,116.71428571428571,161.1242857142857,86,0,0,0,0,high
1,606.0,923.0,606.0,923.0,0,0,0,0,0,high
1,909.0,741.82,909.0,741.82,82,0,0,0,0,high
3,624.0,1160.92,208.0,386.97333333333336,92,0,0,1,0,high
4,650.0,619.49,162.5,154.8725,49,0,1,0,0,high
6,204.0,818.99,34.0,136.49833333333333,99,0,0,0,0,medium
1,263.0,396.49,263.0,396.49,49,0,1,0,0,medium
1,451.0,555.49,451.0,555.49,49,0,1,0,0,medium
10,424.0,474.99,42.4,47.499,99,0,0,0,0,medium
2,565.0,389.49,282.5,194.745,49,0,1,0,0,high
9,397.0,348.49,44.111111111111114,38.721111111111114,49,0,1,0,0,medium
1,532.0,413.99,532.0,413.99,99,0,0,0,0,high
2,384.0,495.49,192.0,247.745,49,0,1,1,0,medium
5,754.0,489.99,150.8,97.998,99,1,0,0,0,high
1,344.46,813.85,344.46,813.85,85,0,0,0,0,medium
3,906.3,540.03,302.09999999999997,180.01,2,0,0,0,0,high
3,1007.56,187.52,335.8533333333333,62.50666666666667,52,0,0,0,0,very_high
1,359.62,221.15,359.62,221.15,15,0,0,0,0,medium
1,362.79,749.19,362.79,749.19,19,0,0,0,0,medium
1,288.72,159.26,288.72,159.26,25,0,0,0,0,medium
2,782.17,830.72,391.085,415.36,72,0,0,0,0,high
2,623.18,347.54,311.59,173.77,54,0,0,0,0,high
3,1061.15,388.5,353.7166666666667,129.5,50,0,0,0,0,very_high
1,252.75,285.5,252.75,285.5,50,0,0,0,0,medium
3,1020.39,250.62,340.13,83.54,62,0,0,0,0,very_high
1,257.97,816.81,257.97,816.81,80,0,0,0,0,medium
3,1025.03,592.55,341.6766666666667,197.51666666666665,54,0,0,0,0,very_high
2,794.32,402.31,397.16,201.155,31,0,0,0,0,high
1,276.85,485.54,276.85,485.54,54,0,0,0,0,medium
2,851.68,473.96,425.84,236.98,95,0,0,0,0,high
3,859.12,611.07,286.37333333333333,203.69000000000003,7,0,0,0,0,high
3,1317.07,476.87,439.0233333333333,158.95666666666668,87,0,0,0,0,very_high
1,388.1,827.37,388.1,827.37,37,0,0,0,0,medium
1,264.39,758.27,264.39,758.27,26,0,0,0,0,medium
5,198.21,594.83,39.642,118.96600000000001,83,1,0,0,0,medium
6,72.85,457.75,12.141666666666666,76.29166666666667,75,0,0,0,0,low
8,297.64,481.09,37.205,60.13625,8,0,0,0,0,medium
7,237.33,1262.27,33.90428571428571,180.3242857142857,26,0,0,0,0,medium
5,195.73,1228.49,39.146,245.698,49,1,1,0,0,medium
8,276.28,1179.9,34.535,147.4875,90,0,0,0,0,medium
8,302.24,1046.04,37.78,130.755,3,0,0,0,0,medium
8,266.87,252.08,33.35875,31.51,8,0,0,0,0,medium
9,310.69,239.64,34.52111111111111,26.626666666666665,63,0,0,0,0,medium
6,222.08,709.07,37.013333333333335,118.17833333333334,7,0,0,0,0,medium
8,264.94,720.67,33.1175,90.08375,66,0,0,0,0,medium
8,161.15,1230.37,20.14375,153.79625,36,0,0,0,0,medium
9,259.96,554.74,28.88444444444444,61.63777777777778,74,0,0,0,0,medium
9,97.85,518.56,10.872222222222222,57.617777777777775,55,0,0,0,0,low
9,194.34,1054.93,21.593333333333334,117.21444444444445,93,0,0,0,0,medium
9,332.35,374.61,36.92777777777778,41.623333333333335,61,0,0,0,0,medium
5,126.44,696.14,25.288,139.228,13,1,0,0,0,medium
5,66.13,848.03,13.225999999999999,169.606,2,1,0,0,0,low
6,135.34,1144.13,22.55666666666667,190.68833333333336,13,0,0,0,0,medium
6,233.7,346.98,38.949999999999996,57.830000000000005,98,0,0,0,0,medium
9,849.0,1007.41,94.33333333333333,111.93444444444444,40,0,0,0,0,high
6,806.0,1760.64,134.33333333333334,293.44,64,0,0,0,0,high
8,891.0,1194.36,111.375,149.295,35,0,0,0,0,high
9,1182.0,1342.24,131.33333333333334,149.13777777777779,24,0,0,0,0,very_high
7,1010.0,1514.03,144.28571428571428,216.29,2,0,0,0,0,very_high
8,892.0,1768.53,111.5,221.06625,52,0,0,0,0,high
6,825.0,1692.73,137.5,282.12166666666667,73,0,0,0,0,high
8,1118.0,1758.52,139.75,219.815,51,0,0,0,0,very_high
8,1064.0,1756.52,133.0,219.565,51,0,0,0,0,very_high
6,811.0,1252.04,135.16666666666666,208.67333333333332,3,0,0,0,0,high
7,889.0,1417.96,127.0,202.56571428571428,96,0,0,0,0,high
9,1012.0,1429.04,112.44444444444444,158.78222222222223,3,0,0,0,0,very_high
6,909.0,1332.18,151.5,222.03,18,0,0,0,0,high
9,1096.0,1690.22,121.77777777777777,187.8022222222222,22,0,0,0,0,very_high
9,913.0,1021.29,101.44444444444444,113.47666666666666,28,0,0,0,0,high
6,1006.0,1219.71,167.66666666666666,203.285,71,0,0,0,0,very_high
6,907.0,1650.17,151.16666666666666,275.02833333333336,17,0,0,0,0,high
9,816.0,1171.81,90.66666666666667,130.20111111111112,80,0,0,0,0,high
7,1006.0,1181.33,143.71428571428572,168.76142857142855,32,0,0,0,0,very_high
6,835.0,1404.28,139.16666666666666,234.04666666666665,27,0,0,0,0,high
12,528.0,2476.41,44.0,206.36749999999998,40,0,0,0,0,high
4,69.0,2321.49,17.25,580.3725,48,0,0,0,0,low
11,1179.0,31.36,107.18181818181819,2.850909090909091,35,0,0,0,1,very_high
13,756.0,954.4,58.15384615384615,73.41538461538461,39,0,0,0,0,high
1,123.0,2076.65,123.0,2076.65,65,0,0,0,0,medium
3,1162.0,2152.66,387.3333333333333,717.5533333333333,65,0,0,0,0,very_high
1,822.0,2170.53,822.0,2170.53,53,0,0,0,0,high
11,558.0,1549.86,50.72727272727273,140.89636363636362,85,0,0,0,0,high
2,753.0,1111.16,376.5,555.58,16,0,0,0,0,high
10,224.0,407.51,22.4,40.751,50,0,0,0,0,medium
6,383.0,462.79,63.833333333333336,77.13166666666667,79,0,0,0,0,medium
8,1005.0,1391.37,125.625,173.92125,36,0,0,0,0,very_high
10,1145.0,311.43,114.5,31.143,43,0,0,0,0,very_high
5,1004.0,2367.63,200.8,473.526,63,1,0,1,0,very_high
5,873.0,1402.35,174.6,280.46999999999997,34,1,0,0,0,high
2,165.0,1813.32,82.5,906.66,31,0,0,0,0,medium
5,1076.0,190.33,215.2,38.066,33,1,0,1,0,very_high
12,986.0,2390.92,82.16666666666667,199.24333333333334,92,0,0,0,0,high
7,948.0,657.17,135.42857142857142,93.88142857142857,16,0,0,0,0,high
3,429.0,2400.13,143.0,800.0433333333334,13,0,0,0,0,medium
4,362.0,646.43,90.5,161.6075,42,0,0,0,0,medium
2,622.0,1871.56,311.0,935.78,55,0,0,0,0,high
1,140.0,255.99,140.0,255.99,99,0,0,0,0,medium
8,123.0,612.55,15.375,76.56875,54,0,0,0,0,medium
4,87.0,2463.92,21.75,615.98,92,0,0,0,0,low
10,164.0,1144.9,16.4,114.49000000000001,90,0,0,0,0,medium
1,989.0,2196.84,989.0,2196.84,84,0,0,0,0,high
4,470.0,1968.63,117.5,492.1575,63,0,0,0,0,medium
1,37.0,1397.17,37.0,1397.17,17,0,0,0,0,low
8,488.0,439.7,61.0,54.9625,69,0,0,0,0,medium
12,757.0,897.4,63.083333333333336,74.78333333333333,39,0,0,0,0,high
14,958.0,1727.76,68.42857142857143,123.41142857142857,75,0,0,0,0,high
2,456.0,2390.7,228.0,1195.35,69,0,0,0,0,medium
5,733.0,41.18,146.6,8.236,17,1,0,0,1,high
5,291.0,1279.7,58.2,255.94,70,1,0,0,0,medium
10,478.0,2091.79,47.8,209.179,78,0,0,0,0,medium
8,817.0,1455.73,102.125,181.96625,73,0,0,0,0,high
6,1043.0,1404.35,173.83333333333334,234.0583333333333,34,0,0,0,0,very_high
2,958.0,1855.58,479.0,927.79,57,0,0,0,0,high
9,524.0,474.75,58.22222222222222,52.75,75,0,0,0,0,high
6,45.0,81.59,7.5,13.598333333333334,59,0,0,0,0,low
8,342.0,2259.06,42.75,282.3825,5,0,0,0,0,medium
12,379.0,1897.29,31.583333333333332,158.1075,28,0,0,0,0,medium
6,333.0,1254.68,55.5,209.11333333333334,68,0,0,0,0,medium
2,634.0,1739.81,317.0,869.905,80,0,0,0,0,high
5,285.0,974.73,57.0,194.946,73,1,0,0,0,medium
12,33.0,1249.13,2.75,104.09416666666668,13,0,0,0,0,low
9,118.0,1285.82,13.11111111111111,142.86888888888888,81,0,0,0,0,medium
1,420.0,2273.6,420.0,2273.6,59,0,0,0,0,medium
11,312.0,2072.39,28.363636363636363,188.3990909090909,38,0,0,0,0,medium
10,753.0,2054.02,75.3,205.402,1,0,0,0,0,high
5,125.0,96.38,25.0,19.276,37,1,0,0,0,medium
6,597.0,888.84,99.5,148.14000000000001,84,0,0,0,0,high
12,1065.0,203.2,88.75,16.933333333333334,19,0,0,0,0,very_high
1,214.0,540.03,214.0,540.03,2,0,0,1,0,medium
11,886.0,922.66,80.54545454545455,83.87818181818182,65,0,0,0,0,high
10,621.0,978.73,62.1,97.873,73,0,0,0,0,high
4,1000.0,2355.34,250.0,588.835,34,0,0,0,0,high
13,534.0,1765.96,41.07692307692308,135.84307692307692,96,0,0,0,0,high
6,475.0,1800.71,79.16666666666667,300.11833333333334,71,0,0,0,0,medium
11,623.0,2265.21,56.63636363636363,205.92818181818183,21,0,0,0,0,high
1,620.0,973.91,620.0,973.91,90,0,0,0,0,high
13,1004.0,1757.75,77.23076923076923,135.21153846153845,75,0,0,0,0,very_high
8,962.0,1929.63,120.25,241.20375,63,0,0,0,0,high
14,516.0,1464.67,36.857142857142854,104.61928571428572,67,0,0,0,0,high
11,685.0,2272.75,62.27272727272727,206.61363636363637,75,0,0,0,0,high
3,307.0,266.21,102.33333333333333,88.73666666666666,20,0,0,0,0,medium
3,375.0,1346.21,125.0,448.7366666666667,21,0,0,0,0,medium
4,1124.0,2177.18,281.0,544.295,17,0,0,0,0,very_high
3,779.0,2110.9,259.6666666666667,703.6333333333333,90,0,0,0,0,high
8,1173.0,671.25,146.625,83.90625,25,0,0,0,0,very_high
14,47.0,1667.14,3.357142857142857,119.08142857142857,14,0,0,0,0,low
3,981.0,2008.83,327.0,669.61,82,0,0,0,0,high
5,516.0,1450.67,103.2,290.134,67,1,0,0,0,high
6,471.0,332.51,78.5,55.41833333333333,50,0,0,0,0,medium
2,941.0,1565.77,470.5,782.885,76,0,0,0,0,high
10,377.0,301.96,37.7,30.195999999999998,95,0,0,0,0,medium
7,273.0,285.83,39.0,40.832857142857144,82,0,0,0,0,medium
1,458.0,834.7,458.0,834.7,70,0,0,0,0,medium
11,772.0,932.31,70.18181818181819,84.75545454545454,30,0,0,0,0,high
11,36.0,1541.47,3.272727272727273,140.13363636363636,47,0,0,0,0,low
12,211.0,1048.29,17.583333333333332,87.3575,28,0,0,0,0,medium
7,987.0,2164.1,141.0,309.15714285714284,9,0,0,0,0,high
9,662.0,2275.59,73.55555555555556,252.84333333333336,59,0,0,0,0,high
12,96.0,1164.37,8.0,97.03083333333332,36,0,0,0,0,low
5,569.0,1856.7,113.8,371.34000000000003,70,1,0,0,0,high
12,128.0,477.17,10.666666666666666,39.76416666666667,17,0,0,0,0,medium
4,886.0,2401.28,221.5,600.32,28,0,0,0,0,high
13,19.0,807.27,1.4615384615384615,62.097692307692306,26,0,0,0,0,low
8,275.0,2347.09,34.375,293.38625,9,0,0,0,0,medium
9,963.0,588.5,107.0,65.38888888888889,50,0,0,0,0,high
14,1056.0,2489.69,75.42857142857143,177.835,69,0,0,0,0,very_high
5,728.0,423.16,145.6,84.632,16,1,0,0,0,high
4,286.0,1063.49,71.5,265.8725,49,0,1,0,0,medium
11,332.0,1352.48,30.181818181818183,122.95272727272727,48,0,0,0,0,medium
12,49.0,1118.38,4.083333333333333,93.19833333333334,38,0,0,0,0,low
2,18.0,2503.46,9.0,1251.73,46,0,0,0,0,low
14,592.0,1268.36,42.285714285714285,90.59714285714286,35,0,0,0,0,high
3,892.0,171.32,297.3333333333333,57.10666666666666,31,0,0,0,0,high
11,741.0,1872.39,67.36363636363636,170.21727272727273,39,0,0,0,0,high
14,807.0,2358.41,57.642857142857146,168.45785714285714,40,0,0,0,0,high
5,873.0,1584.53,174.6,316.906,52,1,0,0,0,high
3,1159.0,2209.44,386.3333333333333,736.48,44,0,0,0,0,very_high
11,920.0,1338.65,83.63636363636364,121.69545454545455,65,0,0,0,0,high
1,388.0,390.7,388.0,390.7,69,0,0,0,0,medium
9,576.0,1059.79,64.0,117.75444444444445,78,0,0,0,0,high
9,524.0,2367.12,58.22222222222222,263.0133333333333,11,0,0,0,0,high
10,459.0,2183.11,45.9,218.311,11,0,0,0,0,medium
4,725.0,588.9,181.25,147.225,89,0,0,1,0,high
1,992.0,958.87,992.0,958.87,87,0,0,0,0,high
10,536.0,2194.42,53.6,219.442,42,0,0,0,0,high
11,1126.0,1593.03,102.36363636363636,144.82090909090908,2,0,0,0,0,very_high
10,314.0,1098.8,31.4,109.88,79,0,0,0,0,medium
1,9.0,2246.28,9.0,2246.28,28,0,0,0,0,low
11,706.0,1508.23,64.18181818181819,137.1118181818182,23,0,0,0,0,high
10,976.0,2166.02,97.6,216.602,1,0,0,0,0,high
5,1028.0,653.19,205.6,130.638,19,1,0,1,0,very_high
8,1166.0,99.47,145.75,12.43375,46,0,0,0,0,very_high
12,882.0,1958.14,73.5,163.17833333333334,14,0,0,0,0,high
11,448.0,732.79,40.72727272727273,66.61727272727272,78,0,0,0,0,medium
7,623.0,1691.39,89.0,241.62714285714287,39,0,0,0,0,high
3,127.0,293.49,42.333333333333336,97.83,49,0,1,0,0,medium
12,218.0,486.02,18.166666666666668,40.501666666666665,1,0,0,0,0,medium
3,1166.0,530.44,388.6666666666667,176.81333333333336,44,0,0,0,0,very_high
11,17.0,550.58,1.5454545454545454,50.052727272727275,58,0,0,0,0,low
9,696.0,1749.97,77.33333333333333,194.44111111111113,97,0,0,0,0,high
4,305.0,125.79,76.25,31.4475,79,0,0,0,0,medium
12,104.0,1300.05,8.666666666666666,108.33749999999999,4,0,0,0,0,medium
1,303.0,931.53,303.0,931.53,52,0,0,0,0,medium
8,1012.0,2390.84,126.5,298.855,84,0,0,0,0,very_high
9,938.0,2224.29,104.22222222222223,247.14333333333332,28,0,0,0,0,high
3,471.0,288.19,157.0,96.06333333333333,18,0,0,0,0,medium
5,72.0,977.67,14.4,195.534,66,1,0,0,0,low
10,160.0,2272.56,16.0,227.256,55,0,0,0,0,medium
10,965.0,1851.28,96.5,185.128,27,0,0,0,0,high
3,266.0,2178.16,88.66666666666667,726.0533333333333,15,0,0,0,0,medium
12,734.0,2491.82,61.166666666666664,207.65166666666667,82,0,0,0,0,high
12,64.0,1641.01,5.333333333333333,136.75083333333333,0,0,0,0,0,low
9,497.0,1845.08,55.22222222222222,205.0088888888889,7,0,0,0,0,medium
3,781.0,1801.38,260.3333333333333,600.46,38,0,0,0,0,high
3,158.0,1070.74,52.666666666666664,356.91333333333336,74,0,0,0,0,medium
3,1096.0,200.27,365.3333333333333,66.75666666666667,27,0,0,0,0,very_high
11,1116.0,2067.8,101.45454545454545,187.9818181818182,80,0,0,0,0,very_high
10,831.0,39.86,83.1,3.9859999999999998,85,0,0,0,1,high
14,124.0,1064.64,8.857142857142858,76.0457142857143,64,0,0,0,0,medium
4,10.0,1262.73,2.5,315.6825,73,0,0,0,0,low
5,955.0,106.86,191.0,21.372,85,1,0,1,0,high
7,1176.0,2489.13,168.0,355.59000000000003,13,0,0,0,0,very_high
6,803.0,465.6,133.83333333333334,77.60000000000001,60,0,0,0,0,high
9,868.0,62.12,96.44444444444444,6.902222222222222,11,0,0,0,0,high
1,181.0,128.05,181.0,128.05,5,0,0,1,0,medium
3,70.0,631.88,23.333333333333332,210.62666666666667,87,0,0,0,0,low
8,1090.0,419.76,136.25,52.47,75,0,0,0,0,very_high
14,1184.0,2269.89,84.57142857142857,162.135,88,0,0,0,0,very_high
1,735.0,1676.9,735.0,1676.9,90,0,0,0,0,high
2,547.0,119.09,273.5,59.545,9,0,0,0,0,high
11,265.0,218.66,24.09090909090909,19.87818181818182,65,0,0,0,0,medium
10,223.0,886.32,22.3,88.632,32,0,0,0,0,medium
12,959.0,1947.82,79.91666666666667,162.31833333333333,81,0,0,0,0,high
11,498.0,1578.39,45.27272727272727,143.49,39,0,0,0,0,medium
14,127.0,988.4,9.071428571428571,70.6,39,0,0,0,0,medium
3,621.0,214.08,207.0,71.36,8,0,0,1,0,high
6,1193.0,2241.5,198.83333333333334,373.5833333333333,50,0,0,1,0,very_high
4,448.0,2055.97,112.0,513.9925,96,0,0,0,0,medium
8,466.0,2064.63,58.25,258.07875,63,0,0,0,0,medium
12,229.0,1216.16,19.083333333333332,101.34666666666668,16,0,0,0,0,medium
13,658.0,559.48,50.61538461538461,43.03692307692308,48,0,0,0,0,high
13,1034.0,2477.98,79.53846153846153,190.61384615384617,98,0,0,0,0,very_high
4,842.0,2464.29,210.5,616.0725,28,0,0,1,0,high
13,837.0,1218.93,64.38461538461539,93.76384615384616,93,0,0,0,0,high
11,927.0,1306.37,84.27272727272727,118.76090909090908,36,0,0,0,0,high
4,1047.0,1657.68,261.75,414.42,68,0,0,0,0,very_high
4,262.0,1681.28,65.5,420.32,27,0,0,0,0,medium
7,1126.0,1103.75,160.85714285714286,157.67857142857142,75,0,0,0,0,very_high
5,781.0,672.91,156.2,134.582,90,1,0,0,0,high
5,831.0,591.65,166.2,118.33,64,1,0,0,0,high
7,1089.0,1026.25,155.57142857142858,146.60714285714286,25,0,0,0,0,very_high
1,793.0,2171.07,793.0,2171.07,7,0,0,0,0,high
9,368.0,495.12,40.888888888888886,55.013333333333335,12,0,0,0,0,medium
6,818.0,1130.38,136.33333333333334,188.39666666666668,38,0,0,0,0,high
11,667.0,1915.95,60.63636363636363,174.17727272727274,95,0,0,0,0,high
2,267.0,2116.93,133.5,1058.465,92,0,0,0,0,medium
10,1083.0,2105.36,108.3,210.536,36,0,0,0,0,very_high
13,529.0,1767.79,40.69230769230769,135.98384615384614,78,0,0,0,0,high
9,1155.0,1346.4,128.33333333333334,149.60000000000002,40,0,0,0,0,very_high
7,1185.0,1768.01,169.28571428571428,252.57285714285715,0,0,0,0,0,very_high
5,763.0,1420.94,152.6,284.188,94,1,0,0,0,high
7,368.0,1231.69,52.57142857142857,175.9557142857143,69,0,0,0,0,medium
6,659.0,322.1,109.83333333333333,53.68333333333334,10,0,0,0,0,high
14,1138.0,518.18,81.28571428571429,37.012857142857136,17,0,0,0,0,very_high
6,172.0,1977.78,28.666666666666668,329.63,77,0,0,0,0,medium
6,628.0,311.47,104.66666666666667,51.91166666666667,47,0,0,0,0,high
2,500.0,1246.48,250.0,623.24,48,0,0,0,0,medium
8,7.0,2075.6,0.875,259.45,59,0,0,0,0,low
5,942.0,2092.87,188.4,418.57399999999996,86,1,0,1,0,high
12,81.0,2485.34,6.75,207.11166666666668,34,0,0,0,0,low
4,166.0,791.52,41.5,197.88,51,0,0,0,0,medium
3,213.0,1724.85,71.0,574.9499999999999,84,0,0,0,0,medium
11,1004.0,167.15,91.27272727272727,15.195454545454545,15,0,0,0,0,very_high
5,116.0,478.1,23.2,95.62,10,1,0,0,0,medium
13,112.0,2299.56,8.615384615384615,176.88923076923078,55,0,0,0,0,medium
1,43.0,2149.22,43.0,2149.22,21,0,0,0,0,low
2,660.0,1944.4,330.0,972.2,40,0,0,0,0,high
10,888.0,298.68,88.8,29.868000000000002,68,0,0,0,0,high
10,860.0,2380.76,86.0,238.07600000000002,76,0,0,0,0,high
10,1187.0,1981.09,118.7,198.10899999999998,8,0,0,0,0,very_high
12,1139.0,124.65,94.91666666666667,10.387500000000001,65,0,0,0,0,very_high
5,966.0,359.51,193.2,71.902,50,1,0,1,0,high
10,796.0,1352.08,79.6,135.208,7,0,0,0,0,high
9,72.0,1281.32,8.0,142.36888888888888,31,0,0,0,0,low
10,215.0,2440.91,21.5,244.09099999999998,90,0,0,0,0,medium
7,671.0,1297.02,95.85714285714286,185.28857142857143,1,0,0,0,0,high
5,230.0,333.69,46.0,66.738,68,1,0,0,0,medium
5,467.0,1243.31,93.4,248.66199999999998,30,1,0,0,0,medium
13,247.0,2339.61,19.0,179.97,61,0,0,0,0,medium
14,777.0,1248.61,55.5,89.18642857142856,60,0,0,0,0,high
11,740.0,1171.99,67.27272727272727,106.54454545454546,99,0,0,0,0,high
6,884.0,1798.31,147.33333333333334,299.7183333333333,30,0,0,0,0,high
5,789.0,1853.31,157.8,370.662,30,1,0,0,0,high
4,825.0,874.99,206.25,218.7475,99,0,0,1,0,high
2,301.0,769.23,150.5,384.615,23,0,0,0,0,medium
12,1007.0,1353.77,83.91666666666667,112.81416666666667,76,0,0,0,0,very_high
5,865.0,644.79,173.0,128.958,78,1,0,0,0,high
14,81.0,1251.97,5.785714285714286,89.42642857142857,97,0,0,0,0,low
8,1159.0,2175.27,144.875,271.90875,26,0,0,0,0,very_high
11,496.0,373.98,45.09090909090909,33.99818181818182,98,0,0,0,0,medium
1,752.0,1632.35,752.0,1632.35,34,0,0,0,0,high
5,1014.0,1853.57,202.8,370.714,56,1,0,1,0,very_high
9,686.0,145.66,76.22222222222223,16.184444444444445,65,0,0,0,0,high
5,654.0,1272.89,130.8,254.57800000000003,89,1,0,0,0,high
8,621.0,2391.34,77.625,298.9175,34,0,0,0,0,high
9,1080.0,539.51,120.0,59.94555555555556,50,0,0,0,0,very_high
10,714.0,269.06,71.4,26.906,6,0,0,0,0,high
10,816.0,1425.64,81.6,142.56400000000002,64,0,0,0,0,high
14,1122.0,1766.25,80.14285714285714,126.16071428571429,25,0,0,0,0,very_high
4,1202.0,1074.87,300.5,268.7175,86,0,0,0,0,very_high
5,651.0,1573.3,130.2,314.65999999999997,29,1,0,0,0,high
14,1100.0,237.69,78.57142857142857,16.977857142857143,68,0,0,0,0,very_high
14,296.0,485.68,21.142857142857142,34.691428571428574,68,0,0,0,0,medium
1,697.0,2148.5,697.0,2148.5,50,0,0,0,0,high
6,1044.0,47.46,174.0,7.91,46,0,0,0,1,very_high
12,398.0,2481.44,33.166666666666664,206.78666666666666,44,0,0,0,0,medium
3,139.0,2428.89,46.333333333333336,809.63,88,0,0,0,0,medium
6,84.0,852.7,14.0,142.11666666666667,70,0,0,0,0,low
2,423.0,1639.17,211.5,819.585,17,0,0,1,0,medium
11,815.0,2385.6,74.0909090909091,216.87272727272727,59,0,0,0,0,high
6,577.0,897.74,96.16666666666667,149.62333333333333,74,0,0,0,0,high
8,200.0,1508.89,25.0,188.61125,89,0,0,0,0,medium
9,1102.0,540.6,122.44444444444444,60.06666666666667,60,0,0,0,0,very_high
12,508.0,1970.54,42.333333333333336,164.21166666666667,53,0,0,0,0,high
13,1024.0,1712.85,78.76923076923077,131.7576923076923,84,0,0,0,0,very_high
7,1161.0,1499.97,165.85714285714286,214.28142857142856,97,0,0,0,0,very_high
2,730.0,285.24,365.0,142.62,24,0,0,0,0,high
13,996.0,1809.2,76.61538461538461,139.16923076923078,20,0,0,0,0,high
5,1160.0,1901.83,232.0,380.366,82,1,0,0,0,very_high
2,1139.0,306.43,569.5,153.215,43,0,0,0,0,very_high
14,191.0,2442.76,13.642857142857142,174.48285714285717,76,0,0,0,0,medium
7,776.0,2447.82,110.85714285714286,349.68857142857144,82,0,0,0,0,high
14,414.0,1919.7,29.571428571428573,137.12142857142857,70,0,0,0,0,medium
7,847.0,1994.62,121.0,284.94571428571425,61,0,0,0,0,high
6,924.0,1227.21,154.0,204.535,21,0,0,0,0,high
2,933.0,1589.58,466.5,794.79,57,0,0,0,0,high
1,211.0,958.08,211.0,958.08,8,0,0,1,0,medium
10,773.0,865.92,77.3,86.592,91,0,0,0,0,high
3,196.0,1211.68,65.33333333333333,403.8933333333334,68,0,0,0,0,medium
14,49.0,954.02,3.5,68.14428571428572,1,0,0,0,0,low
5,477.0,655.24,95.4,131.048,24,1,0,0,0,medium
5,828.0,1606.84,165.6,321.368,83,1,0,0,0,high
11,458.0,1364.29,41.63636363636363,124.02636363636363,28,0,0,0,0,medium
3,289.0,1245.67,96.33333333333333,415.22333333333336,67,0,0,0,0,medium
1,1060.0,501.67,1060.0,501.67,67,0,0,0,0,very_high
5,1085.0,2486.43,217.0,497.28599999999994,42,1,0,1,0,very_high
4,675.0,381.48,168.75,95.37,48,0,0,0,0,high
8,415.0,1214.97,51.875,151.87125,97,0,0,0,0,medium
6,425.0,709.75,70.83333333333333,118.29166666666667,75,0,0,0,0,medium
7,313.0,2408.02,44.714285714285715,344.0028571428571,1,0,0,0,0,medium
13,235.0,426.07,18.076923076923077,32.77461538461539,6,0,0,0,0,medium
7,635.0,1406.31,90.71428571428571,200.90142857142857,30,0,0,0,0,high
10,1009.0,2164.22,100.9,216.42199999999997,21,0,0,0,0,very_high
3,692.0,450.7,230.66666666666666,150.23333333333332,69,0,0,0,0,high
2,91.0,1073.76,45.5,536.88,75,0,0,0,0,low
8,1187.0,1045.91,148.375,130.73875,91,0,0,0,0,very_high
14,600.0,1120.05,42.857142857142854,80.00357142857142,4,0,0,0,0,high
5,210.0,710.49,42.0,142.098,49,1,1,0,0,medium
12,10.0,1203.1,0.8333333333333334,100.25833333333333,9,0,0,0,0,low
1,452.0,275.05,452.0,275.05,5,0,0,0,0,medium
4,256.0,2218.74,64.0,554.685,73,0,0,0,0,medium
8,312.0,2383.17,39.0,297.89625,17,0,0,0,0,medium
2,1175.0,816.2,587.5,408.1,20,0,0,0,0,very_high
11,960.0,383.64,87.27272727272727,34.876363636363635,63,0,0,0,0,high
6,690.0,1009.37,115.0,168.22833333333332,37,0,0,0,0,high
14,487.0,579.29,34.785714285714285,41.37785714285714,28,0,0,0,0,medium
8,75.0,315.71,9.375,39.46375,70,0,0,0,0,low
13,360.0,271.93,27.692307692307693,20.91769230769231,93,0,0,0,0,medium
11,708.0,1871.77,64.36363636363636,170.1609090909091,76,0,0,0,0,high
3,182.0,347.82,60.666666666666664,115.94,81,0,0,0,0,medium
10,683.0,2442.92,68.3,244.292,92,0,0,0,0,high
5,392.0,1264.6,78.4,252.92,59,1,0,0,0,medium
10,175.0,1443.25,17.5,144.325,25,0,0,0,0,medium
7,577.0,1959.13,82.42857142857143,279.8757142857143,13,0,0,0,0,high
13,799.0,951.92,61.46153846153846,73.22461538461538,91,0,0,0,0,high
13,608.0,370.89,46.76923076923077,28.529999999999998,88,0,0,0,0,high
7,194.0,202.49,27.714285714285715,28.927142857142858,49,0,1,0,0,medium
13,889.0,232.72,68.38461538461539,17.90153846153846,71,0,0,0,0,high
7,901.0,136.8,128.71428571428572,19.542857142857144,80,0,0,0,0,high
1,698.0,1525.82,698.0,1525.82,81,0,0,0,0,high
9,592.0,793.55,65.77777777777777,88.17222222222222,54,0,0,0,0,high
14,1015.0,871.76,72.5,62.26857142857143,75,0,0,0,0,very_high
9,524.0,136.46,58.22222222222222,15.162222222222223,46,0,0,0,0,high
5,781.0,2114.27,156.2,422.854,26,1,0,0,0,high
3,200.0,58.24,66.66666666666667,19.413333333333334,24,0,0,0,0,medium
5,503.0,2335.55,100.6,467.11,55,1,0,0,0,high
11,667.0,2221.67,60.63636363636363,201.97,67,0,0,0,0,high
7,336.0,1843.58,48.0,263.36857142857144,57,0,0,0,0,medium
4,217.0,1506.46,54.25,376.615,46,0,0,0,0,medium
8,207.0,1146.93,25.875,143.36625,93,0,0,0,0,medium
7,690.0,1807.71,98.57142857142857,258.2442857142857,71,0,0,0,0,high
2,251.0,1916.43,125.5,958.215,43,0,0,0,0,medium
4,627.0,956.98,156.75,239.245,98,0,0,0,0,high
1,432.0,581.71,432.0,581.71,71,0,0,0,0,medium
4,1194.0,2250.51,298.5,562.6275,51,0,0,0,0,very_high
10,64.0,455.9,6.4,45.589999999999996,89,0,0,0,0,low
8,15.0,377.85,1.875,47.23125,85,0,0,0,0,low
11,741.0,1207.39,67.36363636363636,109.76272727272728,39,0,0,0,0,high
8,638.0,1007.48,79.75,125.935,48,0,0,0,0,high
12,965.0,1700.28,80.41666666666667,141.69,27,0,0,0,0,high
8,1182.0,990.07,147.75,123.75875,7,0,0,0,0,very_high
13,1062.0,869.28,81.6923076923077,66.86769230769231,27,0,0,0,0,very_high
1,754.0,1220.47,754.0,1220.47,47,0,0,0,0,high
14,767.0,186.47,54.785714285714285,13.319285714285714,46,0,0,0,0,high
11,775.0,1752.23,70.45454545454545,159.29363636363635,23,0,0,0,0,high
8,592.0,1402.98,74.0,175.3725,98,0,0,0,0,high
6,957.0,727.75,159.5,121.29166666666667,75,0,0,0,0,high
9,800.0,2167.72,88.88888888888889,240.85777777777776,71,0,0,0,0,high
6,1198.0,222.6,199.66666666666666,37.1,59,0,0,1,0,very_high
3,1092.0,1737.65,364.0,579.2166666666667,65,0,0,0,0,very_high
12,958.0,2499.84,79.83333333333333,208.32000000000002,84,0,0,0,0,high
11,955.0,1282.19,86.81818181818181,116.56272727272727,19,0,0,0,0,high
11,605.0,1880.69,55.0,170.97181818181818,69,0,0,0,0,high
7,670.0,1558.02,95.71428571428571,222.5742857142857,1,0,0,0,0,high
11,844.0,1962.77,76.72727272727273,178.43363636363637,76,0,0,0,0,high
3,718.0,1158.02,239.33333333333334,386.00666666666666,1,0,0,0,0,high
6,323.0,1477.23,53.833333333333336,246.205,23,0,0,0,0,medium
14,616.0,2374.41,44.0,169.60071428571428,40,0,0,0,0,high
8,752.0,1519.78,94.0,189.9725,77,0,0,0,0,high
1,1166.0,1423.69,1166.0,1423.69,69,0,0,0,0,very_high
3,1187.0,1632.14,395.6666666666667,544.0466666666667,14,0,0,0,0,very_high
3,1013.0,166.52,337.6666666666667,55.50666666666667,52,0,0,0,0,very_high
5,741.0,429.24,148.2,85.848,24,1,0,0,0,high
14,467.0,2176.26,33.357142857142854,155.44714285714286,26,0,0,0,0,medium
3,224.0,358.77,74.66666666666667,119.58999999999999,76,0,0,0,0,medium
3,712.0,512.23,237.33333333333334,170.74333333333334,23,0,0,0,0,high
12,218.0,901.03,18.166666666666668,75.08583333333333,2,0,0,0,0,medium
6,373.0,587.38,62.166666666666664,97.89666666666666,37,0,0,0,0,medium
8,562.0,2479.33,70.25,309.91625,32,0,0,0,0,high
5,132.0,2387.03,26.4,477.40600000000006,3,1,0,0,0,medium
3,98.0,871.46,32.666666666666664,290.4866666666667,46,0,0,0,0,low
14,545.0,1206.76,38.92857142857143,86.19714285714285,75,0,0,0,0,high
1,869.0,1498.88,869.0,1498.88,88,0,0,0,0,high
2,875.0,393.25,437.5,196.625,25,0,0,0,0,high
8,888.0,2296.07,111.0,287.00875,7,0,0,0,0,high
1,716.0,1396.41,716.0,1396.41,41,0,0,0,0,high
8,1025.0,1031.33,128.125,128.91625,32,0,0,0,0,very_high
9,1064.0,2016.76,118.22222222222223,224.08444444444444,75,0,0,0,0,very_high
4,463.0,1963.41,115.75,490.8525,41,0,0,0,0,medium
1,678.0,1478.57,678.0,1478.57,56,0,0,0,0,high
1,436.0,1358.14,436.0,1358.14,14,0,0,0,0,medium
5,586.0,2135.36,117.2,427.072,36,1,0,0,0,high
1,797.0,126.8,797.0,126.8,79,0,0,0,0,high
14,481.0,939.99,34.357142857142854,67.14214285714286,99,0,0,0,0,medium
7,172.0,1486.86,24.571428571428573,212.4085714285714,85,0,0,0,0,medium
10,1192.0,23.47,119.2,2.347,46,0,0,0,1,very_high
7,981.0,658.85,140.14285714285714,94.12142857142858,85,0,0,0,0,high
10,692.0,1671.71,69.2,167.171,71,0,0,0,0,high
13,710.0,2223.86,54.61538461538461,171.06615384615387,86,0,0,0,0,high
12,380.0,1526.79,31.666666666666668,127.2325,78,0,0,0,0,medium
3,133.0,1728.5,44.333333333333336,576.1666666666666,50,0,0,0,0,medium
4,730.0,799.25,182.5,199.8125,25,0,0,1,0,high
12,1070.0,1055.51,89.16666666666667,87.95916666666666,50,0,0,0,0,very_high
8,1185.0,554.98,148.125,69.3725,98,0,0,0,0,very_high
11,456.0,2223.72,41.45454545454545,202.1563636363636,71,0,0,0,0,medium
12,85.0,1056.43,7.083333333333333,88.03583333333334,43,0,0,0,0,low
2,543.0,103.37,271.5,51.685,37,0,0,0,0,high
6,367.0,1947.68,61.166666666666664,324.61333333333334,68,0,0,0,0,medium
1,481.0,1792.17,481.0,1792.17,17,0,0,0,0,medium
5,233.0,1862.04,46.6,372.408,3,1,0,0,0,medium
1,45.0,1070.22,45.0,1070.22,22,0,0,0,0,low
5,152.0,2444.81,30.4,488.962,80,1,0,0,0,medium
7,344.0,1242.05,49.142857142857146,177.43571428571428,4,0,0,0,0,medium
5,320.0,1584.55,64.0,316.90999999999997,54,1,0,0,0,medium
9,989.0,378.12,109.88888888888889,42.013333333333335,12,0,0,0,0,high
10,57.0,936.89,5.7,93.689,88,0,0,0,0,low
12,342.0,2253.61,28.5,187.80083333333334,61,0,0,0,0,medium
2,983.0,2109.93,491.5,1054.965,92,0,0,0,0,high
10,886.0,1990.03,88.6,199.003,2,0,0,0,0,high
10,5.0,836.86,0.5,83.686,86,0,0,0,0,low
3,80.0,517.54,26.666666666666668,172.51333333333332,53,0,0,0,0,low
8,482.0,1411.49,60.25,176.43625,49,0,1,0,0,medium
4,11.0,312.01,2.75,78.0025,0,0,0,0,0,low
12,1075.0,2328.11,89.58333333333333,194.0091666666667,11,0,0,0,0,very_high
13,632.0,268.91,48.61538461538461,20.685384615384617,91,0,0,0,0,high
8,323.0,46.48,40.375,5.81,47,0,0,0,1,medium
11,527.0,1550.32,47.90909090909091,140.93818181818182,31,0,0,0,0,high
5,948.0,898.6,189.6,179.72,60,1,0,1,0,high
5,504.0,1502.63,100.8,300.526,63,1,0,0,0,high
10,793.0,1422.29,79.3,142.22899999999998,28,0,0,0,0,high
13,32.0,232.43,2.4615384615384617,17.87923076923077,43,0,0,0,0,low
9,768.0,1815.6,85.33333333333333,201.73333333333332,59,0,0,0,0,high
9,994.0,1742.62,110.44444444444444,193.62444444444444,61,0,0,0,0,high
1,1105.0,1432.3,1105.0,1432.3,29,0,0,0,0,very_high
12,178.0,507.59,14.833333333333334,42.299166666666665,58,0,0,0,0,medium
10,472.0,431.95,47.2,43.195,94,0,0,0,0,medium
5,716.0,1111.23,143.2,222.246,23,1,0,0,0,high
3,771.0,725.67,257.0,241.89,66,0,0,0,0,high
13,1054.0,1131.25,81.07692307692308,87.01923076923077,25,0,0,0,0,very_high
10,872.0,2191.27,87.2,219.127,26,0,0,0,0,high
12,1077.0,32.55,89.75,2.7125,54,0,0,0,1,very_high
12,211.0,749.56,17.583333333333332,62.46333333333333,55,0,0,0,0,medium
4,199.0,1310.01,49.75,327.5025,0,0,0,0,0,medium
2,1029.0,1702.6,514.5,851.3,59,0,0,0,0,very_high
10,643.0,2263.77,64.3,226.377,76,0,0,0,0,high
10,797.0,1706.73,79.7,170.673,73,0,0,0,0,high
12,657.0,322.5,54.75,26.875,50,0,0,0,0,high
8,177.0,486.06,22.125,60.7575,6,0,0,0,0,medium
2,222.0,456.24,111.0,228.12,24,0,0,0,0,medium
3,555.0,2342.76,185.0,780.9200000000001,76,0,0,1,0,high
2,785.0,1964.63,392.5,982.315,63,0,0,0,0,high
5,104.0,281.67,20.8,56.334,67,1,0,0,0,medium
1,673.0,2026.16,673.0,2026.16,16,0,0,0,0,high
10,877.0,1711.12,87.7,171.112,11,0,0,0,0,high
1,250.0,1300.17,250.0,1300.17,17,0,0,0,0,medium
1,467.0,296.49,467.0,296.49,49,0,1,0,0,medium
10,1026.0,828.82,102.6,82.882,82,0,0,0,0,very_high
11,1106.0,2250.54,100.54545454545455,204.59454545454545,53,0,0,0,0,very_high
12,452.0,816.56,37.666666666666664,68.04666666666667,55,0,0,0,0,medium
14,865.0,2497.16,61.785714285714285,178.3685714285714,15,0,0,0,0,high
8,107.0,2450.89,13.375,306.36125,88,0,0,0,0,medium
8,80.0,1092.18,10.0,136.5225,18,0,0,0,0,low
8,945.0,766.98,118.125,95.8725,98,0,0,0,0,high
13,1140.0,1607.8,87.6923076923077,123.67692307692307,79,0,0,0,0,very_high
2,636.0,1438.19,318.0,719.095,19,0,0,0,0,high
14,865.0,1422.11,61.785714285714285,101.5792857142857,10,0,0,0,0,high
12,482.0,1710.47,40.166666666666664,142.53916666666666,47,0,0,0,0,medium
2,68.0,756.61,34.0,378.305,61,0,0,0,0,low
14,512.0,526.84,36.57142857142857,37.63142857142857,84,0,0,0,0,high
14,1001.0,1647.24,71.5,117.66,24,0,0,0,0,very_high
1,547.0,573.6,547.0,573.6,60,0,0,0,0,high
10,5.0,1338.9,0.5,133.89000000000001,90,0,0,0,0,low
3,1158.0,1107.4,386.0,369.1333333333334,40,0,0,0,0,very_high
1,993.0,1143.58,993.0,1143.58,57,0,0,0,0,high
6,378.0,837.63,63.0,139.605,62,0,0,0,0,medium
11,1156.0,2231.86,105.0909090909091,202.89636363636365,86,0,0,0,0,very_high
5,1050.0,882.86,210.0,176.572,86,1,0,1,0,very_high
8,836.0,735.52,104.5,91.94,51,0,0,0,0,high
11,654.0,1516.42,59.45454545454545,137.85636363636365,42,0,0,0,0,high
8,633.0,1308.36,79.125,163.545,35,0,0,0,0,high
12,713.0,1642.01,59.416666666666664,136.83416666666668,0,0,0,0,0,high
5,96.0,1105.47,19.2,221.094,47,1,0,0,0,low
7,1054.0,576.47,150.57142857142858,82.35285714285715,47,0,0,0,0,very_high
12,495.0,1948.13,41.25,162.34416666666667,13,0,0,0,0,medium
1,1068.0,2011.28,1068.0,2011.28,27,0,0,0,0,very_high
7,1000.0,1620.46,142.85714285714286,231.49428571428572,46,0,0,0,0,high
13,855.0,1798.75,65.76923076923077,138.3653846153846,75,0,0,0,0,high
8,544.0,1279.51,68.0,159.93875,50,0,0,0,0,high
11,816.0,544.99,74.18181818181819,49.54454545454546,99,0,0,0,0,high
5,1080.0,2383.82,216.0,476.764,82,1,0,1,0,very_high
8,1124.0,1908.69,140.5,238.58625,69,0,0,0,0,very_high
3,29.0,1632.85,9.666666666666666,544.2833333333333,84,0,0,0,0,low
6,470.0,2235.72,78.33333333333333,372.61999999999995,71,0,0,0,0,medium
7,287.0,2293.5,41.0,327.64285714285717,50,0,0,0,0,medium
4,72.0,1367.29,18.0,341.8225,28,0,0,0,0,low
6,344.0,233.31,57.333333333333336,38.885,31,0,0,0,0,medium
8,801.0,1241.21,100.125,155.15125,21,0,0,0,0,high
5,629.0,484.34,125.8,96.868,33,1,0,0,0,high
11,327.0,961.08,29.727272727272727,87.3709090909091,8,0,0,0,0,medium
14,94.0,105.94,6.714285714285714,7.567142857142857,93,0,0,0,0,low
4,1113.0,2103.82,278.25,525.955,82,0,0,0,0,very_high
14,267.0,2090.21,19.071428571428573,149.3007142857143,21,0,0,0,0,medium
1,979.0,1292.54,979.0,1292.54,53,0,0,0,0,high
10,625.0,519.94,62.5,51.99400000000001,94,0,0,0,0,high
14,457.0,848.61,32.642857142857146,60.615,61,0,0,0,0,medium
11,398.0,723.39,36.18181818181818,65.76272727272728,38,0,0,0,0,medium
14,68.0,438.96,4.857142857142857,31.354285714285712,95,0,0,0,0,low
3,769.0,2497.93,256.3333333333333,832.6433333333333,92,0,0,0,0,high
13,694.0,1054.31,53.38461538461539,81.10076923076923,30,0,0,0,0,high
12,1088.0,1977.91,90.66666666666667,164.82583333333335,91,0,0,0,0,very_high
9,101.0,950.23,11.222222222222221,105.58111111111111,23,0,0,0,0,medium
1,170.0,2452.85,170.0,2452.85,84,0,0,0,0,medium
12,1135.0,475.95,94.58333333333333,39.6625,94,0,0,0,0,very_high
3,1109.0,2092.26,369.6666666666667,697.4200000000001,26,0,0,0,0,very_high
7,753.0,358.13,107.57142857142857,51.16142857142857,12,0,0,0,0,high
2,521.0,467.19,260.5,233.595,18,0,0,0,0,high
12,1003.0,983.23,83.58333333333333,81.93583333333333,23,0,0,0,0,very_high
3,269.0,708.05,89.66666666666667,236.01666666666665,4,0,0,0,0,medium
14,646.0,2418.19,46.142857142857146,172.72785714285715,19,0,0,0,0,high
14,1153.0,346.58,82.35714285714286,24.755714285714284,57,0,0,0,0,very_high
4,18.0,289.06,4.5,72.265,6,0,0,0,0,low
13,1167.0,1074.36,89.76923076923077,82.64307692307692,35,0,0,0,0,very_high
1,1113.0,1536.0,1113.0,1536.0,0,0,0,0,0,very_high
6,930.0,1907.95,155.0,317.9916666666667,95,0,0,0,0,high
5,714.0,617.72,142.8,123.54400000000001,72,1,0,0,0,high
7,256.0,2180.53,36.57142857142857,311.50428571428574,53,0,0,0,0,medium
9,1063.0,2497.79,118.11111111111111,277.53222222222223,78,0,0,0,0,very_high
11,512.0,2016.19,46.54545454545455,183.29,19,0,0,0,0,high
9,463.0,1024.53,51.44444444444444,113.83666666666666,52,0,0,0,0,medium
12,714.0,2003.23,59.5,166.93583333333333,23,0,0,0,0,high
9,1165.0,1868.79,129.44444444444446,207.64333333333332,78,0,0,0,0,very_high
1,872.0,2420.07,872.0,2420.07,7,0,0,0,0,high
10,631.0,1220.71,63.1,122.071,71,0,0,0,0,high
9,633.0,888.17,70.33333333333333,98.68555555555555,16,0,0,0,0,high
4,1065.0,119.34,266.25,29.835,34,0,0,0,0,very_high
12,947.0,193.05,78.91666666666667,16.087500000000002,5,0,0,0,0,high
4,159.0,568.58,39.75,142.145,58,0,0,0,0,medium
1,292.0,449.83,292.0,449.83,82,0,0,0,0,medium
1,1115.0,926.13,1115.0,926.13,12,0,0,0,0,very_high
7,1168.0,667.94,166.85714285714286,95.42,94,0,0,0,0,very_high
4,348.0,2047.08,87.0,511.77,7,0,0,0,0,medium
8,77.0,1930.98,9.625,241.3725,98,0,0,0,0,low
7,1033.0,1013.03,147.57142857142858,144.71857142857144,2,0,0,0,0,very_high
4,672.0,1603.52,168.0,400.88,51,0,0,0,0,high
4,1191.0,999.45,297.75,249.8625,45,0,0,0,0,very_high
8,392.0,661.27,49.0,82.65875,26,0,0,0,0,medium
7,951.0,584.4,135.85714285714286,83.48571428571428,39,0,0,0,0,high
5,778.0,2423.47,155.6,484.69399999999996,46,1,0,0,0,high
11,958.0,1999.13,87.0909090909091,181.73909090909092,13,0,0,0,0,high
3,186.0,1068.31,62.0,356.1033333333333,30,0,0,0,0,medium
5,1116.0,2460.46,223.2,492.092,46,1,0,0,0,very_high
13,63.0,107.92,4.846153846153846,8.301538461538462,92,0,0,0,0,low
6,170.0,476.99,28.333333333333332,79.49833333333333,99,0,0,0,0,medium
3,870.0,413.23,290.0,137.74333333333334,23,0,0,0,0,high
12,852.0,1957.9,71.0,163.15833333333333,90,0,0,0,0,high
6,420.0,386.77,70.0,64.46166666666666,76,0,0,0,0,medium
6,668.0,1922.45,111.33333333333333,320.40833333333336,45,0,0,0,0,high
8,795.0,1645.99,99.375,205.74875,99,0,0,0,0,high
4,420.0,927.74,105.0,231.935,74,0,0,0,0,medium
12,1074.0,2407.71,89.5,200.6425,71,0,0,0,0,very_high
12,916.0,2394.85,76.33333333333333,199.57083333333333,84,0,0,0,0,high
4,1075.0,586.17,268.75,146.5425,16,0,0,0,0,very_high
5,1143.0,1217.72,228.6,243.544,72,1,0,0,0,very_high
2,719.0,591.44,359.5,295.72,44,0,0,0,0,high
4,197.0,1858.84,49.25,464.71,83,0,0,0,0,medium
6,248.0,395.4,41.333333333333336,65.89999999999999,39,0,0,0,0,medium
10,834.0,1820.8,83.4,182.07999999999998,79,0,0,0,0,high
1,1112.0,2011.44,1112.0,2011.44,44,0,0,0,0,very_high
12,1189.0,1453.16,99.08333333333333,121.09666666666668,16,0,0,0,0,very_high
14,269.0,1349.61,19.214285714285715,96.40071428571427,60,0,0,0,0,medium
7,671.0,1262.85,95.85714285714286,180.40714285714284,84,0,0,0,0,high
9,52.0,350.58,5.777777777777778,38.95333333333333,57,0,0,0,0,low
14,976.0,1526.58,69.71428571428571,109.04142857142857,57,0,0,0,0,high
2,370.0,1554.5,185.0,777.25,50,0,0,1,0,medium
4,1180.0,1948.55,295.0,487.1375,54,0,0,0,0,very_high
5,36.0,2022.94,7.2,404.588,94,1,0,0,0,low
5,691.0,1030.64,138.2,206.12800000000001,64,1,0,0,0,high
8,52.0,2353.5,6.5,294.1875,50,0,0,0,0,low
11,24.0,2029.04,2.1818181818181817,184.45818181818183,3,0,0,0,0,low
8,221.0,936.98,27.625,117.1225,98,0,0,0,0,medium
1,85.0,89.83,85.0,89.83,82,0,0,0,0,low
7,803.0,12.75,114.71428571428571,1.8214285714285714,75,0,0,0,1,high
12,893.0,910.41,74.41666666666667,75.86749999999999,40,0,0,0,0,high
14,113.0,1091.13,8.071428571428571,77.93785714285715,13,0,0,0,0,medium
5,516.0,1878.49,103.2,375.698,49,1,1,0,0,high
14,904.0,2005.96,64.57142857142857,143.28285714285715,96,0,0,0,0,high
1,1058.0,1601.04,1058.0,1601.04,3,0,0,0,0,very_high
14,555.0,313.73,39.642857142857146,22.409285714285716,73,0,0,0,0,high
7,738.0,730.28,105.42857142857143,104.32571428571428,27,0,0,0,0,high
8,792.0,2437.24,99.0,304.655,23,0,0,0,0,high
5,831.0,432.8,166.2,86.56,80,1,0,0,0,high
7,709.0,320.8,101.28571428571429,45.82857142857143,80,0,0,0,0,high
9,1078.0,161.85,119.77777777777777,17.983333333333334,84,0,0,0,0,very_high
2,616.0,968.93,308.0,484.465,92,0,0,0,0,high
2,570.0,2297.12,285.0,1148.56,11,0,0,0,0,high
9,13.0,986.41,1.4444444444444444,109.60111111111111,40,0,0,0,0,low
7,381.0,2106.96,54.42857142857143,300.9942857142857,96,0,0,0,0,medium
9,460.0,2424.47,51.111111111111114,269.3855555555555,46,0,0,0,0,medium
4,425.0,1286.54,106.25,321.635,53,0,0,0,0,medium
11,437.0,1053.24,39.72727272727273,95.74909090909091,24,0,0,0,0,medium
9,1000.0,1901.79,111.11111111111111,211.31,78,0,0,0,0,high
1,553.0,1687.11,553.0,1687.11,10,0,0,0,0,high
10,5.0,1094.06,0.5,109.40599999999999,5,0,0,0,0,low
12,931.0,864.21,77.58333333333333,72.0175,21,0,0,0,0,high
6,436.0,914.53,72.66666666666667,152.42166666666665,52,0,0,0,0,medium
3,1074.0,247.32,358.0,82.44,31,0,0,0,0,very_high
9,896.0,1398.54,99.55555555555556,155.39333333333332,53,0,0,0,0,high
1,462.0,2047.57,462.0,2047.57,56,0,0,0,0,medium
3,665.0,2418.16,221.66666666666666,806.0533333333333,15,0,0,0,0,high
11,532.0,2419.86,48.36363636363637,219.98727272727274,86,0,0,0,0,high
9,483.0,52.64,53.666666666666664,5.848888888888889,64,0,0,0,0,medium
12,296.0,326.83,24.666666666666668,27.235833333333332,82,0,0,0,0,medium
9,131.0,1990.0,14.555555555555555,221.11111111111111,0,0,0,0,0,medium
6,836.0,2035.17,139.33333333333334,339.195,17,0,0,0,0,high
10,532.0,1223.36,53.2,122.33599999999998,35,0,0,0,0,high
14,595.0,2140.61,42.5,152.9007142857143,61,0,0,0,0,high
7,623.0,1894.02,89.0,270.57428571428574,1,0,0,0,0,high
5,1077.0,2234.35,215.4,446.87,34,1,0,1,0,very_high
5,579.0,1018.52,115.8,203.704,51,1,0,0,0,high
8,255.0,1817.19,31.875,227.14875,19,0,0,0,0,medium
8,1009.0,1378.07,126.125,172.25875,6,0,0,0,0,very_high
10,87.0,498.96,8.7,49.896,95,0,0,0,0,low
1,809.0,1734.56,809.0,1734.56,55,0,0,0,0,high
9,1079.0,1981.94,119.88888888888889,220.21555555555557,94,0,0,0,0,very_high
8,1134.0,1049.84,141.75,131.23,83,0,0,0,0,very_high
8,403.0,654.97,50.375,81.87125,97,0,0,0,0,medium
8,534.0,429.88,66.75,53.735,87,0,0,0,0,high
13,564.0,2245.56,43.38461538461539,172.73538461538462,55,0,0,0,0,high
2,752.0,958.29,376.0,479.145,28,0,0,0,0,high
11,293.0,1410.0,26.636363636363637,128.1818181818182,0,0,0,0,0,medium
5,919.0,470.23,183.8,94.046,23,1,0,1,0,high
5,103.0,333.22,20.6,66.644,22,1,0,0,0,medium
1,893.0,19.76,893.0,19.76,76,0,0,0,1,high
12,37.0,52.65,3.0833333333333335,4.3875,64,0,0,0,0,low
8,1142.0,776.74,142.75,97.0925,74,0,0,0,0,very_high
5,332.0,218.03,66.4,43.606,3,1,0,0,0,medium
7,950.0,1739.62,135.71428571428572,248.51714285714283,61,0,0,0,0,high
9,223.0,1916.03,24.77777777777778,212.89222222222222,2,0,0,0,0,medium
6,522.0,1210.87,87.0,201.81166666666664,86,0,0,0,0,high
12,46.0,2077.07,3.8333333333333335,173.08916666666667,7,0,0,0,0,low
2,252.0,1545.94,126.0,772.97,94,0,0,0,0,medium
14,999.0,619.42,71.35714285714286,44.24428571428571,41,0,0,0,0,high
13,125.0,2004.61,9.615384615384615,154.20076923076923,60,0,0,0,0,medium
9,597.0,625.99,66.33333333333333,69.55444444444444,99,0,0,0,0,high
3,289.0,853.79,96.33333333333333,284.59666666666664,78,0,0,0,0,medium
7,953.0,1918.24,136.14285714285714,274.0342857142857,24,0,0,0,0,high
4,275.0,2359.64,68.75,589.91,63,0,0,0,0,medium
5,755.0,1584.41,151.0,316.882,41,1,0,0,0,high
9,803.0,880.17,89.22222222222223,97.79666666666667,16,0,0,0,0,high
11,293.0,285.14,26.636363636363637,25.921818181818182,13,0,0,0,0,medium
6,164.0,1460.21,27.333333333333332,243.36833333333334,21,0,0,0,0,medium
12,675.0,2277.93,56.25,189.8275,92,0,0,0,0,high
11,859.0,146.71,78.0909090909091,13.337272727272728,71,0,0,0,0,high
2,296.0,1878.7,148.0,939.35,70,0,0,0,0,medium
7,300.0,2417.85,42.857142857142854,345.40714285714284,84,0,0,0,0,medium
2,1155.0,1517.18,577.5,758.59,18,0,0,0,0,very_high
5,765.0,480.48,153.0,96.096,48,1,0,0,0,high
9,1097.0,2330.2,121.88888888888889,258.9111111111111,19,0,0,0,0,very_high
4,422.0,2049.71,105.5,512.4275,71,0,0,0,0,medium
14,1020.0,510.33,72.85714285714286,36.45214285714285,32,0,0,0,0,very_high
4,205.0,545.57,51.25,136.3925,57,0,0,0,0,medium
12,1046.0,1850.85,87.16666666666667,154.23749999999998,84,0,0,0,0,very_high
4,1001.0,739.08,250.25,184.77,8,0,0,0,0,very_high
9,938.0,742.17,104.22222222222223,82.46333333333332,16,0,0,0,0,high
5,351.0,407.74,70.2,81.548,74,1,0,0,0,medium
9,748.0,653.42,83.11111111111111,72.60222222222222,41,0,0,0,0,high
13,1186.0,2462.26,91.23076923076923,189.4046153846154,26,0,0,0,0,very_high
6,384.0,1656.04,64.0,276.00666666666666,3,0,0,0,0,medium
10,150.0,418.41,15.0,41.841,41,0,0,0,0,medium
10,783.0,158.93,78.3,15.893,93,0,0,0,0,high
6,372.0,2494.69,62.0,415.7816666666667,69,0,0,0,0,medium
10,958.0,1643.76,95.8,164.376,75,0,0,0,0,high
8,34.0,1225.2,4.25,153.15,20,0,0,0,0,low
7,151.0,2461.93,21.571428571428573,351.7042857142857,92,0,0,0,0,medium
7,150.0,1379.35,21.428571428571427,197.04999999999998,34,0,0,0,0,medium
6,751.0,2085.98,125.16666666666667,347.66333333333336,98,0,0,0,0,high
7,568.0,159.12,81.14285714285714,22.731428571428573,12,0,0,0,0,high
12,574.0,2240.9,47.833333333333336,186.74166666666667,90,0,0,0,0,high
13,36.0,808.38,2.769230769230769,62.183076923076925,37,0,0,0,0,low
14,595.0,1818.77,42.5,129.91214285714287,76,0,0,0,0,high
7,381.0,2342.27,54.42857142857143,334.61,26,0,0,0,0,medium
14,174.0,815.3,12.428571428571429,58.23571428571428,29,0,0,0,0,medium
11,226.0,2013.45,20.545454545454547,183.04090909090908,45,0,0,0,0,medium
13,137.0,1505.66,10.538461538461538,115.82000000000001,66,0,0,0,0,medium
13,774.0,206.45,59.53846153846154,15.88076923076923,44,0,0,0,0,high
5,1120.0,1514.91,224.0,302.982,91,1,0,0,0,very_high
4,862.0,2335.55,215.5,583.8875,55,0,0,1,0,high
8,829.0,1147.89,103.625,143.48625,89,0,0,0,0,high
4,380.0,446.66,95.0,111.665,66,0,0,0,0,medium
9,238.0,1197.83,26.444444444444443,133.0922222222222,82,0,0,0,0,medium
13,1199.0,493.0,92.23076923076923,37.92307692307692,0,0,0,0,0,very_high
12,710.0,1249.41,59.166666666666664,104.1175,41,0,0,0,0,high
14,719.0,1973.14,51.357142857142854,140.93857142857144,14,0,0,0,0,high
1,482.0,1697.08,482.0,1697.08,7,0,0,0,0,medium
9,444.0,725.31,49.333333333333336,80.58999999999999,30,0,0,0,0,medium
11,610.0,1990.79,55.45454545454545,180.98090909090908,78,0,0,0,0,high
4,238.0,1707.28,59.5,426.82,27,0,0,0,0,medium
2,299.0,1612.7,149.5,806.35,70,0,0,0,0,medium
10,273.0,799.9,27.3,79.99,89,0,0,0,0,medium
3,154.0,274.04,51.333333333333336,91.34666666666668,4,0,0,0,0,medium
7,636.0,697.02,90.85714285714286,99.57428571428571,1,0,0,0,0,high
2,1038.0,685.07,519.0,342.535,7,0,0,0,0,very_high
2,798.0,2334.41,399.0,1167.205,40,0,0,0,0,high
12,601.0,2166.56,50.083333333333336,180.54666666666665,55,0,0,0,0,high
6,290.0,814.04,48.333333333333336,135.67333333333332,3,0,0,0,0,medium
8,16.0,259.02,2.0,32.3775,1,0,0,0,0,low
8,303.0,1072.44,37.875,134.055,44,0,0,0,0,medium
11,372.0,2048.26,33.81818181818182,186.20545454545456,26,0,0,0,0,medium
3,864.0,2338.52,288.0,779.5066666666667,51,0,0,0,0,high
11,913.0,2253.41,83.0,204.85545454545453,40,0,0,0,0,high
14,805.0,834.06,57.5,59.575714285714284,5,0,0,0,0,high
5,905.0,2317.31,181.0,463.462,30,1,0,1,0,high
10,728.0,226.53,72.8,22.653,53,0,0,0,0,high
4,842.0,893.25,210.5,223.3125,25,0,0,1,0,high
5,117.0,953.06,23.4,190.612,5,1,0,0,0,medium
12,307.0,957.17,25.583333333333332,79.76416666666667,16,0,0,0,0,medium
9,51.0,314.81,5.666666666666667,34.97888888888889,81,0,0,0,0,low
7,1071.0,841.11,153.0,120.15857142857143,11,0,0,0,0,very_high
13,922.0,1510.22,70.92307692307692,116.17076923076924,22,0,0,0,0,high
8,867.0,2373.39,108.375,296.67375,38,0,0,0,0,high
11,1013.0,1483.3,92.0909090909091,134.84545454545454,29,0,0,0,0,very_high
6,1148.0,1525.81,191.33333333333334,254.30166666666665,80,0,0,1,0,very_high
12,158.0,2195.67,13.166666666666666,182.9725,67,0,0,0,0,medium
5,1010.0,2054.21,202.0,410.842,21,1,0,1,0,very_high
1,682.0,1517.04,682.0,1517.04,3,0,0,0,0,high
5,14.0,78.33,2.8,15.666,32,1,0,0,0,low
6,1203.0,1900.48,200.5,316.74666666666667,48,0,0,1,0,very_high
4,810.0,1852.31,202.5,463.0775,30,0,0,1,0,high
3,760.0,2073.25,253.33333333333334,691.0833333333334,25,0,0,0,0,high
7,868.0,625.09,124.0,89.29857142857144,9,0,0,0,0,high
7,205.0,103.31,29.285714285714285,14.758571428571429,31,0,0,0,0,medium
5,387.0,1882.35,77.4,376.46999999999997,34,1,0,0,0,medium
11,447.0,130.07,40.63636363636363,11.824545454545454,6,0,0,0,0,medium
9,482.0,1348.44,53.55555555555556,149.82666666666668,44,0,0,0,0,medium
7,15.0,2436.67,2.142857142857143,348.0957142857143,67,0,0,0,0,low
10,955.0,1182.33,95.5,118.23299999999999,32,0,0,0,0,high
5,41.0,2314.68,8.2,462.936,67,1,0,0,0,low
2,1189.0,1164.74,594.5,582.37,74,0,0,0,0,very_high
2,762.0,519.74,381.0,259.87,74,0,0,0,0,high
10,895.0,937.46,89.5,93.74600000000001,46,0,0,0,0,high
13,858.0,2258.01,66.0,173.69307692307694,1,0,0,0,0,high
11,650.0,524.8,59.09090909090909,47.709090909090904,79,0,0,0,0,high
4,198.0,2106.63,49.5,526.6575,63,0,0,0,0,medium
1,791.0,1927.75,791.0,1927.75,75,0,0,0,0,high
14,1020.0,1201.75,72.85714285714286,85.83928571428571,75,0,0,0,0,very_high
12,59.0,2247.39,4.916666666666667,187.2825,38,0,0,0,0,low
8,626.0,545.84,78.25,68.23,84,0,0,0,0,high
5,57.0,559.05,11.4,111.80999999999999,4,1,0,0,0,low
5,908.0,716.7,181.6,143.34,70,1,0,1,0,high
13,8.0,78.44,0.6153846153846154,6.033846153846154,43,0,0,0,0,low
11,684.0,672.51,62.18181818181818,61.13727272727272,50,0,0,0,0,high
4,180.0,2365.46,45.0,591.365,46,0,0,0,0,medium
13,511.0,1628.33,39.30769230769231,125.25615384615384,32,0,0,0,0,high
4,231.0,20.39,57.75,5.0975,39,0,0,0,1,medium
9,1139.0,1973.31,126.55555555555556,219.25666666666666,30,0,0,0,0,very_high
9,578.0,1167.71,64.22222222222223,129.74555555555557,71,0,0,0,0,high
14,530.0,2028.06,37.857142857142854,144.86142857142858,5,0,0,0,0,high
7,316.0,141.89,45.142857142857146,20.27,88,0,0,0,0,medium
2,897.0,2382.39,448.5,1191.195,38,0,0,0,0,high
12,121.0,608.92,10.083333333333334,50.74333333333333,91,0,0,0,0,medium
4,764.0,1417.94,191.0,354.485,94,0,0,1,0,high
11,663.0,2141.08,60.27272727272727,194.64363636363635,7,0,0,0,0,high
3,91.0,1640.15,30.333333333333332,546.7166666666667,15,0,0,0,0,low
1,1035.0,1289.84,1035.0,1289.84,83,0,0,0,0,very_high
7,125.0,193.62,17.857142857142858,27.66,62,0,0,0,0,medium
12,437.0,639.96,36.416666666666664,53.330000000000005,96,0,0,0,0,medium
4,84.0,2243.12,21.0,560.78,11,0,0,0,0,low
5,716.0,1316.6,143.2,263.32,59,1,0,0,0,high
12,18.0,2461.37,1.5,205.11416666666665,36,0,0,0,0,low
3,560.0,1664.15,186.66666666666666,554.7166666666667,15,0,0,1,0,high
3,504.0,63.39,168.0,21.13,39,0,0,0,0,high
5,1126.0,664.9,225.2,132.98,89,1,0,0,0,very_high
1,1092.0,390.55,1092.0,390.55,55,0,0,0,0,very_high
11,273.0,502.37,24.818181818181817,45.67,37,0,0,0,0,medium
4,6.0,458.7,1.5,114.675,69,0,0,0,0,low
1,620.0,490.45,620.0,490.45,44,0,0,0,0,high
5,659.0,2083.15,131.8,416.63,15,1,0,0,0,high
12,353.0,2150.17,29.416666666666668,179.18083333333334,17,0,0,0,0,medium
13,618.0,1982.27,47.53846153846154,152.4823076923077,26,0,0,0,0,high
2,1158.0,2355.92,579.0,1177.96,92,0,0,0,0,very_high
3,512.0,1251.6,170.66666666666666,417.2,59,0,0,0,0,high
5,840.0,941.55,168.0,188.31,54,1,0,0,0,high
7,1086.0,2319.81,155.14285714285714,331.40142857142854,80,0,0,0,0,very_high
13,1152.0,864.45,88.61538461538461,66.49615384615385,45,0,0,0,0,very_high
4,840.0,1375.42,210.0,343.855,42,0,0,1,0,high
4,724.0,89.99,181.0,22.4975,98,0,0,1,0,high
3,327.0,2141.92,109.0,713.9733333333334,92,0,0,0,0,medium
13,1055.0,2005.84,81.15384615384616,154.29538461538462,83,0,0,0,0,very_high
1,931.0,327.97,931.0,327.97,97,0,0,0,0,high
10,108.0,2181.67,10.8,218.167,67,0,0,0,0,medium
13,1204.0,24.47,92.61538461538461,1.8823076923076922,46,0,0,0,1,very_high
5,517.0,919.25,103.4,183.85,25,1,0,0,0,high
8,897.0,1536.36,112.125,192.045,35,0,0,0,0,high
12,988.0,2492.79,82.33333333333333,207.7325,78,0,0,0,0,high
1,1041.0,1630.25,1041.0,1630.25,25,0,0,0,0,very_high
10,454.0,2359.42,45.4,235.942,42,0,0,0,0,medium
5,406.0,1084.16,81.2,216.83200000000002,16,1,0,0,0,medium
4,103.0,1790.07,25.75,447.5175,6,0,0,0,0,medium
11,198.0,269.95,18.0,24.54090909090909,94,0,0,0,0,medium
4,477.0,18.97,119.25,4.7425,96,0,0,0,1,medium
11,67.0,2455.53,6.090909090909091,223.23000000000002,53,0,0,0,0,low
7,789.0,185.73,112.71428571428571,26.532857142857143,72,0,0,0,0,high
13,70.0,993.7,5.384615384615385,76.43846153846154,70,0,0,0,0,low
12,59.0,858.62,4.916666666666667,71.55166666666666,62,0,0,0,0,low
3,1027.0,180.0,342.3333333333333,60.0,0,0,0,0,0,very_high
3,275.0,543.74,91.66666666666667,181.24666666666667,74,0,0,0,0,medium
12,180.0,384.42,15.0,32.035000000000004,42,0,0,0,0,medium
3,334.0,2449.89,111.33333333333333,816.63,88,0,0,0,0,medium
7,759.0,1694.02,108.42857142857143,242.00285714285715,1,0,0,0,0,high
10,174.0,1991.96,17.4,199.196,96,0,0,0,0,medium
1,780.0,366.37,780.0,366.37,37,0,0,0,0,high
9,934.0,415.5,103.77777777777777,46.166666666666664,50,0,0,0,0,high
8,936.0,556.28,117.0,69.535,27,0,0,0,0,high
1,1002.0,2320.13,1002.0,2320.13,13,0,0,0,0,very_high
7,83.0,137.84,11.857142857142858,19.69142857142857,84,0,0,0,0,low
9,191.0,789.52,21.22222222222222,87.72444444444444,51,0,0,0,0,medium
3,280.0,1090.37,93.33333333333333,363.45666666666665,36,0,0,0,0,medium
5,644.0,2383.17,128.8,476.634,17,1,0,0,0,high
10,498.0,992.86,49.8,99.286,86,0,0,0,0,medium
4,317.0,1793.28,79.25,448.32,27,0,0,0,0,medium
4,1100.0,370.61,275.0,92.6525,61,0,0,0,0,very_high
4,263.0,2469.06,65.75,617.265,5,0,0,0,0,medium
4,932.0,1287.34,233.0,321.835,33,0,0,0,0,high
14,343.0,2013.4,24.5,143.81428571428572,40,0,0,0,0,medium
2,274.0,888.24,137.0,444.12,24,0,0,0,0,medium
1,759.0,330.29,759.0,330.29,29,0,0,0,0,high
8,204.0,2178.45,25.5,272.30625,44,0,0,0,0,medium
10,396.0,2068.65,39.6,206.865,65,0,0,0,0,medium
6,840.0,870.82,140.0,145.13666666666668,82,0,0,0,0,high
7,756.0,1473.59,108.0,210.51285714285714,58,0,0,0,0,high
4,1048.0,279.75,262.0,69.9375,75,0,0,0,0,very_high
9,800.0,39.96,88.88888888888889,4.44,96,0,0,0,1,high
3,240.0,1895.67,80.0,631.89,67,0,0,0,0,medium
13,997.0,920.48,76.6923076923077,70.80615384615385,48,0,0,0,0,high
2,826.0,2163.39,413.0,1081.695,38,0,0,0,0,high
6,194.0,914.25,32.333333333333336,152.375,25,0,0,0,0,medium
4,333.0,1934.76,83.25,483.69,75,0,0,0,0,medium
8,1053.0,1864.01,131.625,233.00125,0,0,0,0,0,very_high
12,466.0,1291.33,38.833333333333336,107.61083333333333,32,0,0,0,0,medium
8,916.0,2417.62,114.5,302.2025,61,0,0,0,0,high
11,322.0,1251.3,29.272727272727273,113.75454545454545,29,0,0,0,0,medium
13,11.0,1114.96,0.8461538461538461,85.76615384615386,96,0,0,0,0,low
7,250.0,364.79,35.714285714285715,52.112857142857145,79,0,0,0,0,medium
5,247.0,296.51,49.4,59.302,50,1,0,0,0,medium
14,1158.0,2104.61,82.71428571428571,150.32928571428573,61,0,0,0,0,very_high
11,1095.0,1071.83,99.54545454545455,97.43909090909091,82,0,0,0,0,very_high
11,1149.0,270.81,104.45454545454545,24.61909090909091,81,0,0,0,0,very_high
9,14.0,1057.38,1.5555555555555556,117.48666666666668,38,0,0,0,0,low
4,184.0,983.77,46.0,245.9425,76,0,0,0,0,medium
6,135.0,2488.22,22.5,414.7033333333333,21,0,0,0,0,medium
5,717.0,1508.97,143.4,301.794,97,1,0,0,0,high
1,389.0,1964.96,389.0,1964.96,96,0,0,0,0,medium
3,1136.0,1296.54,378.6666666666667,432.18,53,0,0,0,0,very_high
13,145.0,2202.42,11.153846153846153,169.41692307692307,42,0,0,0,0,medium
1,1122.0,861.5,1122.0,861.5,50,0,0,0,0,very_high
14,383.0,97.95,27.357142857142858,6.996428571428572,95,0,0,0,0,medium
1,309.0,1211.37,309.0,1211.37,36,0,0,0,0,medium
14,1090.0,2248.68,77.85714285714286,160.61999999999998,67,0,0,0,0,very_high
3,278.0,994.9,92.66666666666667,331.6333333333333,89,0,0,0,0,medium
7,1109.0,2397.29,158.42857142857142,342.46999999999997,28,0,0,0,0,very_high
12,643.0,2194.16,53.583333333333336,182.84666666666666,15,0,0,0,0,high
11,176.0,1050.67,16.0,95.51545454545455,67,0,0,0,0,medium
7,309.0,1021.75,44.142857142857146,145.96428571428572,75,0,0,0,0,medium
3,992.0,1897.41,330.6666666666667,632.47,41,0,0,0,0,high
3,175.0,440.19,58.333333333333336,146.73,18,0,0,0,0,medium
5,895.0,2329.69,179.0,465.938,69,1,0,0,0,high
8,372.0,348.37,46.5,43.54625,37,0,0,0,0,medium
5,567.0,193.11,113.4,38.622,11,1,0,0,0,high
8,978.0,710.43,122.25,88.80375,42,0,0,0,0,high
1,1082.0,1809.49,1082.0,1809.49,49,0,1,0,0,very_high
11,636.0,2238.97,57.81818181818182,203.54272727272726,96,0,0,0,0,high
6,370.0,315.09,61.666666666666664,52.51499999999999,8,0,0,0,0,medium
8,413.0,222.83,51.625,27.85375,83,0,0,0,0,medium
3,399.0,141.39,133.0,47.129999999999995,38,0,0,0,0,medium
